EMD_CD,gu,gu_code,EMD_NM,area_m2,centroid_lon,centroid_lat,infra_score,security_score,transport_score,quiet_score,youth_score
1111010300,종로구,1111000000,궁정동,73324.95212298923,126.97270604674968,37.58469795047034,0.3954,0.2705,0.0,0.9201,0.4823
1111012000,종로구,1111000000,신문로1가,65766.00800376006,126.97392197623392,37.570189840928265,0.7527,0.6933,0.6983,0.7344,0.3883
1111016700,종로구,1111000000,충신동,128234.13542285818,127.00596175750768,37.57495878088671,0.5365,0.8222,0.5069,0.8932,0.2528
1111018500,종로구,1111000000,홍지동,355829.1481991782,126.956568608555,37.60079959046192,0.5169,0.5408,0.6719,0.957,0.3278
1111015400,종로구,1111000000,장사동,57633.9981320931,126.99404345870816,37.56923700572173,0.5758,0.6256,0.4483,0.3097,0.4705
1111013500,종로구,1111000000,관철동,82474.08120891229,126.98600348120073,37.56912504974235,0.7826,0.6699,0.6976,0.3097,0.4516
1111017700,종로구,1111000000,평동,80505.97796310791,126.96686149371072,37.56791628580998,0.7194,0.4436,0.7395,0.98,0.3813
1111016100,종로구,1111000000,종로4가,42847.12754256284,126.99795287784414,37.57067200774152,0.6372,0.4832,0.868,0.3097,0.4862
1111012300,종로구,1111000000,서린동,47468.85998341088,126.98042115338052,37.56952105294966,0.8224,0.8121,0.6242,0.3097,0.4808
1111017800,종로구,1111000000,송월동,44573.61112708502,126.9652179187755,37.57008050767912,0.0,0.6991,0.4986,0.98,0.4125
1111015800,종로구,1111000000,예지동,68500.41725952209,126.9983079336211,37.56963696418501,0.6577,0.6223,0.632,0.3097,0.4614
1111012700,종로구,1111000000,공평동,38672.40698523913,126.9831780644504,37.57130654495565,0.7643,0.5732,0.6655,0.3097,0.4916
1111017900,종로구,1111000000,홍파동,41732.37421554284,126.9639853683004,37.57115081515493,0.5949,0.7748,0.5116,0.98,0.416
1111012600,종로구,1111000000,종로1가,36080.06264840261,126.9797156858191,37.57043314702542,0.8294,0.5856,0.8203,0.3097,0.4953
1111011700,종로구,1111000000,당주동,43229.15917520823,126.97401327150315,37.57158829209711,0.7863,0.6444,0.0,0.7344,0.4105
1111016300,종로구,1111000000,종로5가,111686.46792485258,127.00353604802132,37.57061653194929,0.7411,0.7397,0.7314,0.8932,0.2601
1111013600,종로구,1111000000,인사동,69286.14480154183,126.9860735282945,37.5717156642569,0.6757,0.7682,0.5485,0.3097,0.4608
1111015200,종로구,1111000000,봉익동,39250.07540848121,126.9929977731794,37.57219467639145,0.7338,0.6617,0.0,0.3097,0.4908
1111018000,종로구,1111000000,교북동,29799.885315264517,126.9614573980273,37.57153888903219,0.6868,0.0,0.9423,0.98,0.4338
1111011600,종로구,1111000000,도렴동,29236.76790464782,126.9747586787093,37.57312321825413,0.811,0.5509,0.0,0.7344,0.4311
1111015100,종로구,1111000000,묘동,30068.36612381684,126.99174235750247,37.572435968433645,0.86,0.742,0.5768,0.3097,0.5049
1111015700,종로구,1111000000,인의동,82466.92598891884,126.99769229950292,37.57234351046903,0.6912,0.5618,0.514,0.3097,0.4516
1111012100,종로구,1111000000,신문로2가,255026.40724549425,126.96921953208538,37.57087445556864,0.523,0.4846,0.3736,0.7344,0.3167
1111016200,종로구,1111000000,효제동,100345.9687856964,127.00308794704264,37.57305001249147,0.6251,0.7418,0.5555,0.8932,0.2658
1111012900,종로구,1111000000,견지동,46144.46326498552,126.983012471646,37.57352260675992,0.7007,0.0,0.8156,0.3097,0.4823
1111012400,종로구,1111000000,수송동,98233.35661448711,126.980645007743,37.57369823645372,0.7031,0.222,0.0,0.3097,0.4424
1111012800,종로구,1111000000,관훈동,73372.88043199116,126.98468224932276,37.5741566626176,0.8483,0.5826,0.4017,0.3097,0.4578
1111017400,종로구,1111000000,창신동,779055.1177617704,127.01244848988998,37.57541107347325,0.5557,0.7703,0.5044,0.9756,0.1462
1111013300,종로구,1111000000,익선동,46220.849739197554,126.98970546558408,37.57434875891137,0.7772,0.8518,0.0,0.3097,0.4822
1111011900,종로구,1111000000,세종로,884516.104527535,126.97678895708364,37.580304004535606,0.4371,0.2551,0.4795,0.5305,0.361
1111016400,종로구,1111000000,종로6가,152080.3365890481,127.00768472952052,37.57194633235227,0.6718,0.7515,0.5745,0.8932,0.2438
1111014500,종로구,1111000000,송현동,45221.11397473797,126.98187251773685,37.57677740897972,0.3677,0.5454,0.4958,0.9708,0.401
1111011500,종로구,1111000000,사직동,283911.5669190327,126.9659569554636,37.57541167094256,0.4926,0.6283,0.5882,0.7344,0.311
1111013100,종로구,1111000000,권농동,34265.0960172079,126.9916740995883,37.57650583004015,0.4044,0.0,0.5507,0.3097,0.498
1111011300,종로구,1111000000,필운동,86137.29072467703,126.96814497841883,37.57729946426784,0.5763,0.7053,0.0,0.7344,0.374
1111016500,종로구,1111000000,이화동,121939.20834914174,127.00563276078891,37.57724049564107,0.5563,0.7319,0.4374,0.7685,0.5475
1111011200,종로구,1111000000,체부동,45031.55399529026,126.97087277203536,37.5775934757986,0.7041,0.8944,0.4966,0.7344,0.4083
1111010600,종로구,1111000000,통의동,62914.52068366502,126.97286954125435,37.57807739536444,0.6794,0.8507,0.5678,0.7344,0.3906
1111016000,종로구,1111000000,연지동,111813.34171106944,127.00016814244,37.57375253964107,0.6274,0.4757,0.3222,0.8932,0.2601
1111012500,종로구,1111000000,중학동,30614.618433117143,126.97967743011844,37.57531293520396,0.6831,0.0,0.5732,0.3097,0.504
1111011400,종로구,1111000000,내자동,52316.367672676,126.97174201740825,37.57531367798711,0.5889,0.6104,0.7447,0.7344,0.4004
1111010700,종로구,1111000000,적선동,43224.66017436825,126.97379058736324,37.57532124257359,0.8046,0.5534,0.5047,0.7344,0.4105
1111013800,종로구,1111000000,종로2가,59409.84117873444,126.98693463447468,37.57045836433114,0.8166,0.6477,0.8327,0.3097,0.4689
1111013400,종로구,1111000000,경운동,57271.95843911571,126.98642051763686,37.57520168170274,0.5518,0.4322,0.7716,0.3097,0.4709
1111018100,종로구,1111000000,행촌동,128542.03994786656,126.96262708298153,37.57368010478561,0.3748,0.8885,0.5635,0.98,0.3566
1111015900,종로구,1111000000,원남동,73843.13590384412,126.99753688176332,37.57556170515517,0.6365,0.6089,0.6748,0.3097,0.4574
1111015000,종로구,1111000000,훈정동,206160.7366220997,126.9941957588748,37.57438431748689,0.0,0.49,0.0,0.3097,0.4032
1111015300,종로구,1111000000,돈의동,32189.015975049693,126.99074140412668,37.57198181899615,0.6945,1.0,0.7026,0.3097,0.5013
1111013200,종로구,1111000000,운니동,69817.29989580183,126.98823857860964,37.57638910535972,0.5497,0.2787,0.7314,0.3097,0.4604
1111013700,종로구,1111000000,낙원동,72896.23233101991,126.98862294467368,37.57257282575041,0.701,0.8392,0.4029,0.3097,0.4581
1111018700,종로구,1111000000,무악동,369764.6777170948,126.95858116184098,37.57711001447192,0.4483,0.5982,0.4002,0.9896,0.2088
1111010900,종로구,1111000000,누상동,258773.4437501817,126.96273634884372,37.58039886718881,0.234,0.6448,0.1751,0.9201,0.4157
1111011800,종로구,1111000000,내수동,70476.53171156032,126.97197144268512,37.57332519945626,0.7257,0.467,0.0,0.7344,0.3846
1111014300,종로구,1111000000,화동,58157.5484025214,126.98273079834354,37.58069150719906,0.7167,0.5009,0.4465,0.9708,0.3877
1111017200,종로구,1111000000,명륜4가,74668.16084698428,126.99988135118242,37.58223245023549,0.7297,0.7548,0.6146,0.8238,0.8097
1111014100,종로구,1111000000,안국동,67851.11789782126,126.98362957350548,37.57740015849179,0.737,0.5641,0.6919,0.9708,0.3796
1111013900,종로구,1111000000,팔판동,41236.895651553416,126.9807258216068,37.58279762561471,0.7042,0.613,0.6525,0.9708,0.4059
1111010200,종로구,1111000000,신교동,98894.23780218996,126.9679412530348,37.58450633030221,0.356,0.8048,0.0,0.9201,0.4665
1111014600,종로구,1111000000,가회동,157991.46520512662,126.98484125862495,37.582683479634,0.6024,0.5837,0.6612,0.967,0.3754
1111014400,종로구,1111000000,사간동,28697.931338849627,126.98040004464868,37.57726223224168,0.6155,0.6264,0.5861,0.9708,0.425
1111010100,종로구,1111000000,청운동,793213.7713951899,126.96932361852622,37.58920544861384,0.3071,0.5055,0.3446,0.9201,0.3565
1111010400,종로구,1111000000,효자동,59448.93481913914,126.97195246192936,37.58266755071597,0.5468,0.0,0.5791,0.9201,0.4934
1111011100,종로구,1111000000,옥인동,418226.9419275327,126.96340334769285,37.58353848815433,0.3314,0.6192,0.2106,0.9201,0.3904
1111013000,종로구,1111000000,와룡동,706991.2111430184,126.99254983867124,37.58171467877941,0.4129,0.2927,0.2397,0.4691,0.4946
1111014800,종로구,1111000000,계동,173804.83203035113,126.98692951652706,37.58235186440464,0.7173,0.4808,0.5842,0.967,0.3703
1111017100,종로구,1111000000,명륜2가,108463.05676624471,126.9990410061893,37.58470007539559,0.7616,0.7279,0.5974,0.8238,0.7899
1111014900,종로구,1111000000,원서동,155956.41847347937,126.9882630248422,37.583924126047314,0.4958,0.7354,0.4684,0.967,0.3761
1111015600,종로구,1111000000,종로3가,45016.68126911218,126.99235309639508,37.57040845711878,0.7871,0.834,0.8894,0.3097,0.4836
1111017300,종로구,1111000000,명륜3가,415313.8833439655,126.99314505843638,37.588222245429264,0.5391,0.7168,0.6062,0.8238,0.719
1111017000,종로구,1111000000,명륜1가,194032.906661413,126.99748933736038,37.58911210641359,0.5601,0.8631,0.593,0.8238,0.7592
1111014700,종로구,1111000000,재동,52998.97042430566,126.98528401951005,37.57832852435952,0.7295,0.5683,0.742,0.967,0.4331
1111011000,종로구,1111000000,누하동,56113.816717075104,126.96828376860675,37.57929003869802,0.7045,0.8549,0.6722,0.9201,0.4965
1111010800,종로구,1111000000,통인동,50073.5814799098,126.9702191121162,37.58016138203681,0.7372,0.6783,0.799,0.9201,0.5025
1111010500,종로구,1111000000,창성동,59442.649897431766,126.9724741073818,37.58056043992848,0.5925,0.7114,0.4423,0.9201,0.4934
1111016600,종로구,1111000000,연건동,295276.7179197893,126.99969412357434,37.57870342656104,0.601,0.5815,0.6619,0.7686,0.5008
1111017600,종로구,1111000000,교남동,22166.284733135864,126.96446696826987,37.56855026436949,0.4626,0.8484,0.9198,0.98,0.4494
1111018300,종로구,1111000000,평창동,5202840.85881308,126.97450260845866,37.61302924603345,0.2749,0.2907,0.2754,0.9213,0.0813
1111015500,종로구,1111000000,관수동,60039.68674575013,126.9904753368739,37.56907597358664,0.7346,0.7939,0.4404,0.3097,0.4684
1111018200,종로구,1111000000,구기동,3741813.114229287,126.95928538696728,37.61938523622704,0.1501,0.23,0.2116,0.9213,0.0987
1111014200,종로구,1111000000,소격동,61245.88967959559,126.98093411727926,37.579622874916105,0.662,0.5427,0.4365,0.9708,0.385
1111017500,종로구,1111000000,숭인동,590605.8098228365,127.01894555575824,37.57557722633651,0.5606,0.8387,0.5901,0.9472,0.2816
1111014000,종로구,1111000000,삼청동,1179004.983646578,126.98101584425312,37.59076576177324,0.3674,0.3236,0.2481,0.9708,0.2288
1111018400,종로구,1111000000,부암동,1552591.8569405472,126.96558853236476,37.59475977403686,0.3211,0.4962,0.2439,0.957,0.2499
1111016800,종로구,1111000000,동숭동,365002.3114579569,127.00488433405026,37.58141431687556,0.6531,0.6884,0.3066,0.7686,0.4896
1111016900,종로구,1111000000,혜화동,328797.5431654426,127.00178921020836,37.58780161960567,0.5749,0.6933,0.538,0.8238,0.7313
1111012200,종로구,1111000000,청진동,61658.48600597889,126.98017861569886,37.57145105792396,0.8115,0.6136,0.0,0.3097,0.467
1111018600,종로구,1111000000,신영동,361805.0458566904,126.96183752931638,37.60252000685657,0.4214,0.6493,0.4395,0.957,0.3269
1114014300,중구,1114000000,장충동1가,148593.862118792,127.00758074748695,37.5609767222935,0.5413,0.7865,0.5347,0.9289,0.5289
1114014400,중구,1114000000,장충동2가,1197786.0427738964,127.00059095025212,37.55499166895777,0.3797,0.6081,0.3095,0.8888,0.4528
1114016000,중구,1114000000,인현동1가,44235.88998145804,126.99430788640548,37.56458468651109,0.762,0.7244,0.5001,0.8459,0.3404
1114010500,중구,1114000000,을지로2가,112448.54600243716,126.9859319108982,37.56588366446845,0.8143,0.6815,0.5329,0.5259,0.5039
1114013500,중구,1114000000,예관동,38708.31641569057,126.9982169714414,37.56423423667079,0.63,0.8939,0.5265,0.8,0.5487
1114013200,중구,1114000000,충무로4가,58267.95752196603,126.99584171712424,37.56233020633761,0.7747,0.7753,0.7228,0.8182,0.5809
1114010700,중구,1114000000,삼각동,27046.316521441808,126.98425157095544,37.56809896211684,0.6236,0.5647,0.598,0.5259,0.5792
1114010600,중구,1114000000,남대문로1가,18719.225289953974,126.98286200783316,37.56757770569774,0.6346,0.0,0.8956,0.5258,0.5986
1114010900,중구,1114000000,장교동,34161.551291884425,126.9869864011032,37.56745033957038,0.73,0.6466,0.0,0.5259,0.5669
1114016100,중구,1114000000,저동2가,54560.261407903854,126.98979358371795,37.56423881734364,0.7608,0.6029,0.0,0.8459,0.3293
1114013400,중구,1114000000,인현동2가,70349.66928064368,126.99617039888308,37.56421949700832,0.6182,0.5901,0.0,0.8,0.5172
1114012600,중구,1114000000,명동1가,36790.02073224852,126.98466417661972,37.56430221486248,0.8429,0.7785,0.0,0.5259,0.5629
1114013100,중구,1114000000,저동1가,35490.22693086224,126.98780507058667,37.5644299479883,0.6629,0.9756,0.8237,0.5259,0.5648
1114016900,중구,1114000000,의주로1가,26843.619587393187,126.96851231145028,37.56402844116836,0.5303,0.79,0.9637,0.6436,0.5517
1114017200,중구,1114000000,의주로2가,39625.06311385856,126.9696206025056,37.56073739732856,0.0,0.8685,0.0,0.9659,0.3521
1114015800,중구,1114000000,충무로3가,47142.69984052507,126.99174525671928,37.56238575519235,0.7678,0.7341,0.0,0.8617,0.5862
1114013300,중구,1114000000,충무로5가,54328.58414929438,126.99964157929284,37.56284473690848,0.7261,0.9059,0.4598,0.8182,0.5846
1114015900,중구,1114000000,초동,51604.85517608087,126.99222465752194,37.56442740145719,0.716,0.8422,0.0,0.8459,0.3322
1114013700,중구,1114000000,필동1가,35922.54404633687,126.99246705876504,37.56108663547359,0.798,0.6376,0.8212,0.8617,0.6005
1114014600,중구,1114000000,광희동2가,56523.83014359143,127.00843285370676,37.56394832629615,0.5784,0.9348,0.7743,0.8,0.5287
1114014500,중구,1114000000,광희동1가,53981.31697338946,127.00532510237122,37.56502330145501,0.7422,0.8782,0.5984,0.8,0.5312
1114015400,중구,1114000000,오장동,67484.15252539153,127.00087991210609,37.56473480550881,0.6881,0.7614,0.0,0.8,0.5194
1114012300,중구,1114000000,회현동3가,12579.853872227584,126.98407750716416,37.56017107449099,0.7283,0.7013,0.0,0.5258,0.6196
1114012900,중구,1114000000,남산동2가,72394.45255068837,126.98584868259414,37.55865614047308,0.6785,0.906,0.0,0.5259,0.5272
1114014700,중구,1114000000,쌍림동,78705.06502369381,127.00424305587794,37.56352865574443,0.7042,0.6783,0.6041,0.8,0.5112
1114011100,중구,1114000000,소공동,82153.07589828415,126.98008572652908,37.56406903622064,0.9643,0.6137,0.5148,0.6436,0.4926
1114014000,중구,1114000000,남학동,10747.99704547292,126.99082920705057,37.56057566220995,0.5605,0.7295,0.0,0.8617,0.6643
1114011300,중구,1114000000,북창동,44138.27899499453,126.9782048441882,37.562453203258606,0.6819,0.8252,0.0,0.6436,0.5255
1114015500,중구,1114000000,을지로3가,83109.15528007255,126.99220823703789,37.56632653872755,0.726,0.8007,0.696,0.8459,0.307
1114012200,중구,1114000000,회현동2가,70463.68836743753,126.98293462941362,37.55876249857774,0.5876,0.8523,0.6263,0.5859,0.4929
1114017000,중구,1114000000,충정로1가,33610.801024004446,126.96825717386676,37.566500808662354,0.7047,0.5261,0.5546,0.6436,0.5399
1114014800,중구,1114000000,을지로6가,185007.0914026748,127.0068847451651,37.56778475921197,0.8201,0.7694,0.6026,0.8,0.4661
1114012700,중구,1114000000,명동2가,117606.12386336866,126.98528687396,37.56289056045914,0.7836,0.5499,0.0,0.5259,0.5016
1114010400,중구,1114000000,을지로1가,62299.695306515365,126.98058620523751,37.56598775512642,0.7757,0.7633,0.7545,0.5259,0.5351
1114012800,중구,1114000000,남산동1가,23001.039469408104,126.98459631280002,37.559346705190606,0.6065,0.9972,0.6305,0.5259,0.5878
1114015300,중구,1114000000,방산동,59057.44935945722,127.00298155689178,37.56872753370258,0.5174,0.6213,0.6618,0.8459,0.3251
1114016800,중구,1114000000,순화동,143399.59882655824,126.97071353917136,37.56257300654557,0.6405,0.7178,0.4061,0.653,0.4276
1114011800,중구,1114000000,남대문로5가,228168.39928932645,126.97531509891397,37.5560965683821,0.7023,0.6999,0.6513,0.6628,0.2932
1114011700,중구,1114000000,남대문로4가,54888.80879358552,126.97563985095206,37.5606133348234,0.7247,0.7068,0.595,0.653,0.4783
1114011900,중구,1114000000,봉래동1가,41294.99007726261,126.97277247011634,37.55910038466583,0.691,0.4897,0.7343,0.653,0.4934
1114011200,중구,1114000000,남창동,138691.3927954977,126.9776195076787,37.55807916725186,0.761,0.8292,0.6605,0.6628,0.3195
1114016400,중구,1114000000,무학동,27220.811747391457,127.01528717757684,37.56437427562302,0.7175,0.9244,0.0,0.8736,0.4283
1114016500,중구,1114000000,황학동,327867.1237161976,127.02083978117736,37.56854577777544,0.6738,0.8479,0.5152,0.9524,0.375
1114013000,중구,1114000000,남산동3가,28982.21599476873,126.98745105562344,37.56017281758256,0.6446,0.6246,0.0,0.5259,0.5755
1114016300,중구,1114000000,흥인동,124693.34355810896,127.01638211825184,37.56731042798375,0.6413,0.7632,0.5124,0.8736,0.3479
1114017400,중구,1114000000,만리동2가,143972.7398956563,126.96395643016962,37.554626159992985,0.5337,0.7613,0.4053,0.9659,0.284
1114013600,중구,1114000000,묵정동,61719.75463885388,127.00055752818716,37.561350170721,0.661,0.8378,0.435,0.8888,0.6095
1114016700,중구,1114000000,정동,303013.8561023702,126.97314790325892,37.566608568413706,0.5442,0.6282,0.3955,0.6436,0.4237
1114014200,중구,1114000000,예장동,678966.2576147337,126.9901164307474,37.55522483108671,0.3013,0.4484,0.2468,0.6396,0.4511
1114017100,중구,1114000000,중림동,227682.43384432408,126.96633707872115,37.55883645503892,0.6289,0.8007,0.5304,0.9659,0.2597
1114016200,중구,1114000000,신당동,2390156.81178986,127.01366857566858,37.55791589200131,0.5918,0.8442,0.4769,0.9055,0.2692
1114012000,중구,1114000000,봉래동2가,130033.50884893491,126.97098626027942,37.55655586280057,0.6699,0.5717,0.7458,0.6628,0.3229
1114011000,중구,1114000000,수표동,35198.32051541342,126.98951586810274,37.56746768829117,0.7488,0.8225,0.5454,0.5259,0.5653
1114012100,중구,1114000000,회현동1가,298956.00520372146,126.98151755343078,37.5565079626916,0.6319,0.8138,0.3981,0.5859,0.4165
1114014900,중구,1114000000,을지로7가,91958.3301436026,127.00962238892376,37.56629196605581,0.7903,0.7283,0.7125,0.8,0.503
1114017300,중구,1114000000,만리동1가,69908.33211505787,126.96731285907464,37.55616533663403,0.5248,0.8734,0.5468,0.9659,0.3221
1114010300,중구,1114000000,태평로1가,74421.19509370903,126.9772801490708,37.56770215284704,0.6982,0.6712,0.814,0.5259,0.5257
1114010200,중구,1114000000,다동,58535.80950169001,126.98119020657025,37.56790941779197,0.8331,0.8385,0.0,0.5259,0.5384
1114010100,중구,1114000000,무교동,32197.6736372937,126.97901239893186,37.56815790173221,0.7977,0.6572,0.0,0.5259,0.57
1114015600,중구,1114000000,입정동,39758.50358702456,126.99292306205002,37.56781858793332,0.532,0.5683,0.5212,0.8459,0.346
1114015200,중구,1114000000,주교동,73002.03697005699,126.99937668515174,37.56826950965517,0.7145,0.7897,0.5382,0.8459,0.3139
1114011600,중구,1114000000,남대문로3가,34015.72423010191,126.97959017926544,37.56169988939151,0.6228,0.8443,0.7737,0.653,0.5036
1114011500,중구,1114000000,남대문로2가,26228.61817465623,126.98211799607176,37.5639526698328,0.8259,0.6939,1.0,0.5775,0.6051
1114016600,중구,1114000000,서소문동,115361.83282877842,126.97392735687264,37.56316684144541,0.7435,0.653,0.6666,0.6436,0.4747
1114012500,중구,1114000000,충무로2가,69049.78255670464,126.98781489120056,37.56171764471386,0.8355,0.6209,0.6304,0.5259,0.5297
1114011400,중구,1114000000,태평로2가,82087.30265767571,126.9763873253941,37.56300666300462,0.7645,0.6537,0.794,0.6436,0.4927
1114015000,중구,1114000000,을지로4가,70434.54728146212,126.9977553151807,37.56644482518477,0.7128,0.7137,0.7666,0.8459,0.3158
1114015700,중구,1114000000,산림동,44872.35771552421,126.99593871212136,37.56767640011487,0.6491,0.7789,0.0,0.8459,0.3396
1114013900,중구,1114000000,필동3가,93518.28924232502,126.99701891340976,37.55851322795524,0.72,0.8599,0.0,0.8617,0.55
1114010800,중구,1114000000,수하동,18328.01173706807,126.98464028946452,37.56728429051282,0.7878,0.7065,0.0,0.5258,0.5998
1114013800,중구,1114000000,필동2가,185138.81266682665,126.99472071182694,37.55877385546706,0.6267,0.789,0.2316,0.8617,0.5139
1114014100,중구,1114000000,주자동,22769.538230294816,126.98940355314936,37.56065969797201,0.459,0.8196,0.6325,0.8617,0.6246
1114015100,중구,1114000000,을지로5가,78468.44534252775,127.00235540396436,37.56672460035534,0.6163,0.767,0.6047,0.8459,0.3101
1114012400,중구,1114000000,충무로1가,59430.7027016474,126.98251606524238,37.561170267806,1.0,0.7585,0.5791,0.5859,0.5019
1117010300,용산구,1117000000,용산동4가,793476.3663915247,126.98518229352923,37.53053629705378,0.0484,0.0,0.2197,0.9559,0.4068
1117013200,용산구,1117000000,동빙고동,404261.91307725833,126.99514470300063,37.52446278240765,0.3358,0.5399,0.3831,0.9418,0.251
1117013500,용산구,1117000000,용산동6가,1438090.246110861,126.9848233073252,37.518641491736176,0.2086,0.0831,0.2574,0.9418,0.1839
1117012600,용산구,1117000000,용산동3가,335263.82220221875,126.97693903483604,37.53186151160483,0.42,0.2009,0.1339,0.6198,0.5364
1117012100,용산구,1117000000,용문동,191365.27404447508,126.9596925761994,37.537651571982174,0.6269,0.7591,0.6868,0.9733,0.2867
1117011600,용산구,1117000000,청암동,71436.37994160886,126.9466635146534,37.53449658486081,0.3083,0.5154,0.6815,0.9395,0.3995
1117011700,용산구,1117000000,원효로3가,159259.45273496205,126.9576592962018,37.53432703495418,0.5528,0.6591,0.5209,0.9395,0.3571
1117011900,용산구,1117000000,효창동,443192.321983129,126.96093644111946,37.54279258366145,0.5031,0.6504,0.5932,0.9756,0.3733
1117010700,용산구,1117000000,동자동,288286.22301792994,126.97243679620736,37.55207429935621,0.6369,0.5782,0.5142,0.8673,0.3803
1117013100,용산구,1117000000,한남동,3026493.5758914067,127.005133109084,37.53752811978591,0.4419,0.453,0.4141,0.8154,0.2976
1117011800,용산구,1117000000,원효로4가,310984.4716731213,126.9507043942992,37.53254789054429,0.4173,0.3789,0.5257,0.9395,0.3218
1117012900,용산구,1117000000,이촌동,4078033.95354752,126.96653355765648,37.51745355575528,0.2914,0.3446,0.2982,0.8397,0.1891
1117010100,용산구,1117000000,후암동,866260.8180180489,126.98062514447508,37.54989880986643,0.4958,0.6043,0.4723,0.9448,0.2991
1117012500,용산구,1117000000,한강로2가,447328.7294673691,126.96859830809218,37.53154133752997,0.637,0.4756,0.534,0.6198,0.5212
1117010400,용산구,1117000000,갈월동,223359.5590852821,126.97236041256905,37.54540401518137,0.6427,0.5988,0.6556,0.8673,0.3938
1117012000,용산구,1117000000,도원동,88557.24581443882,126.95594639189746,37.53866204763944,0.4628,0.4774,0.7201,0.9733,0.3274
1117010200,용산구,1117000000,용산동2가,1172070.201105018,126.98501375852352,37.5428777110155,0.4285,0.539,0.4723,0.9559,0.3862
1117012300,용산구,1117000000,신계동,144026.94139849176,126.9657739449167,37.535180519888776,0.4906,0.6002,0.4052,0.9218,0.5161
1117012700,용산구,1117000000,용산동5가,691574.739122661,126.97457438560956,37.526147268929535,0.3561,0.2965,0.2435,0.6198,0.4982
1117012400,용산구,1117000000,한강로1가,238290.2642753969,126.97302172833908,37.53607751379669,0.5822,0.5108,0.5786,0.6198,0.5545
1117011300,용산구,1117000000,원효로2가,130882.65931753996,126.96333964159584,37.53629743152104,0.5694,0.603,0.6722,0.9218,0.5211
1117012800,용산구,1117000000,한강로3가,1192117.2066155754,126.9621911603601,37.527668532230095,0.6121,0.3969,0.469,0.6198,0.4694
1117012200,용산구,1117000000,문배동,113170.93926265754,126.96941983939396,37.5371086923089,0.5892,0.5964,0.6337,0.9218,0.5288
1117011100,용산구,1117000000,청파동3가,230419.40600582765,126.96711160416162,37.54325588710281,0.6192,0.6257,0.3929,0.8916,0.5727
1117010500,용산구,1117000000,남영동,65036.379167550855,126.97336209854778,37.54286183292108,0.6289,0.532,0.6424,0.8673,0.459
1117010600,용산구,1117000000,용산동1가,605627.3150304799,126.97702746281104,37.54001203846026,0.2839,0.0,0.2167,0.8673,0.3411
1117011000,용산구,1117000000,청파동2가,223147.5437342447,126.96624253728248,37.54600831762674,0.6959,0.6652,0.6366,0.8916,0.5744
1117011500,용산구,1117000000,산천동,97511.7467632932,126.9514304781622,37.53548040087803,0.5434,0.6042,0.5612,0.9395,0.383
1117010900,용산구,1117000000,청파동1가,196139.39596728963,126.96746795840568,37.54879193926518,0.5037,0.6755,0.4239,0.8916,0.5812
1117013000,용산구,1117000000,이태원동,1438812.0164104854,126.9925221115015,37.53850573073567,0.5275,0.5948,0.5256,0.9472,0.3767
1117013600,용산구,1117000000,보광동,712453.1484314845,127.00091627908704,37.52687007942602,0.4392,0.6478,0.4425,0.9894,0.1943
1117010800,용산구,1117000000,서계동,250847.9238680652,126.96680097357935,37.55216673281304,0.5752,0.6728,0.5684,0.8916,0.5682
1117013400,용산구,1117000000,주성동,172186.56883275986,126.9998204518261,37.52130338183272,0.0,0.4,0.0,0.9418,0.296
1117013300,용산구,1117000000,서빙고동,792319.659582649,126.9913099611112,37.518624153907744,0.2315,0.3841,0.4052,0.9418,0.2154
1117011200,용산구,1117000000,원효로1가,205626.42606487265,126.96744686425298,37.539980540186406,0.6123,0.6384,0.6082,0.9218,0.4972
1117011400,용산구,1117000000,신창동,62424.79990510063,126.95497811644596,37.53577367319382,0.5401,0.7027,0.7088,0.9395,0.4066
1120011500,성동구,1120000000,성수동2가,2232091.9427416795,127.0566327878453,37.54068816332291,0.5671,0.794,0.5061,0.7607,0.4239
1120010300,성동구,1120000000,홍익동,173179.73733144687,127.0323481092466,37.56649093644468,0.5595,0.8927,0.448,0.8597,0.4674
1120010600,성동구,1120000000,사근동,673415.0926389422,127.04760004653193,37.55890767215543,0.4997,0.7852,0.5988,0.8249,0.7596
1120011000,성동구,1120000000,금호동2가,302677.3816993028,127.02041580595645,37.5530278848298,0.456,0.8307,0.6937,0.8943,0.3071
1120011100,성동구,1120000000,금호동3가,327534.9721672044,127.01956393678762,37.54989338324703,0.544,0.8682,0.7089,0.8943,0.3029
1120011400,성동구,1120000000,성수동1가,2856858.108705161,127.0428191955502,37.54361030048392,0.5198,0.7105,0.4295,0.8744,0.3904
1120010900,성동구,1120000000,금호동1가,443084.979146645,127.02498456447216,37.55356950439141,0.498,0.7923,0.7784,0.9425,0.2689
1120011200,성동구,1120000000,금호동4가,801574.6204752917,127.02430401156478,37.54546545917527,0.4235,0.7775,0.6004,0.9618,0.2337
1120012200,성동구,1120000000,용답동,1588306.7542438188,127.05635785605013,37.56146753710784,0.4005,0.7065,0.3195,0.9338,0.2983
1120010500,성동구,1120000000,마장동,1054034.232224229,127.0407417531636,37.56736478310658,0.4216,0.8587,0.539,0.9178,0.3004
1120010200,성동구,1120000000,하왕십리동,623002.680276513,127.02802460662348,37.56398773407398,0.5696,0.8826,0.6298,0.8279,0.4134
1120010800,성동구,1120000000,응봉동,558165.4904202134,127.03380262919624,37.550885171689245,0.3745,0.8136,0.6799,0.9503,0.2815
1120011800,성동구,1120000000,송정동,1442328.0035323391,127.06208032064426,37.55318027254254,0.3194,0.7506,0.3236,0.9128,0.3459
1120011300,성동구,1120000000,옥수동,1962100.2883711576,127.02056536604884,37.54085696973414,0.3634,0.6041,0.4847,0.8755,0.2663
1120010400,성동구,1120000000,도선동,137355.73563007,127.03355052801224,37.56381000538698,0.6899,0.9025,0.5948,0.8597,0.4797
1120010700,성동구,1120000000,행당동,1498006.7803404962,127.03599155677138,37.55762517550656,0.5983,0.8537,0.6507,0.8312,0.5477
1120010100,성동구,1120000000,상왕십리동,151162.12148075574,127.0247986448513,37.56843447804629,0.5692,0.6593,0.6122,0.8597,0.4746
1121510300,광진구,1121500000,구의동,3004394.929911126,127.09284381244235,37.54440115395246,0.5617,0.8109,0.479,0.8702,0.3404
1121510700,광진구,1121500000,화양동,1130099.2556925938,127.07322080186286,37.5432324803415,0.6481,0.7944,0.4708,0.7875,0.7793
1121510500,광진구,1121500000,자양동,4608184.427334447,127.07451580833734,37.53169243382124,0.527,0.7601,0.4023,0.8737,0.3718
1121510200,광진구,1121500000,능동,1101356.4341348924,127.081738277338,37.55057897064177,0.4924,0.7372,0.3591,0.918,0.4745
1121510400,광진구,1121500000,광장동,2393516.2836713563,127.10471469704515,37.54782427560525,0.4241,0.6552,0.4361,0.8331,0.3502
1121510900,광진구,1121500000,군자동,734087.9182765916,127.07367283596496,37.55303405760182,0.6138,0.876,0.556,0.8764,0.6255
1121510100,광진구,1121500000,중곡동,4087633.885684173,127.08883023893088,37.56354436516087,0.4964,0.7887,0.4993,0.8863,0.3009
1123010600,동대문구,1123000000,장안동,2333552.530482036,127.0700244823672,37.57020800977599,0.5834,0.7611,0.5256,0.8358,0.3113
1123010100,동대문구,1123000000,신설동,341367.22573544027,127.02555344983844,37.57494765604527,0.6138,0.6971,0.5705,0.7906,0.3904
1123010200,동대문구,1123000000,용두동,1273422.2580697886,127.03428858288504,37.57572163040381,0.5576,0.7295,0.5147,0.7906,0.3208
1123010700,동대문구,1123000000,청량리동,1199248.910986944,127.04528069077496,37.58880336049429,0.4437,0.6499,0.4842,0.9118,0.1789
1123010900,동대문구,1123000000,휘경동,1688516.9862237573,127.06452581808917,37.58821089745813,0.5122,0.7473,0.4655,0.9151,0.4924
1123011000,동대문구,1123000000,이문동,1740340.8381641763,127.06325002537427,37.59945870644906,0.5264,0.7398,0.5177,0.8278,0.5606
1123010300,동대문구,1123000000,제기동,1189964.364092784,127.03723943800854,37.58377532492212,0.5467,0.7827,0.5009,0.8463,0.3601
1123010500,동대문구,1123000000,답십리동,1659488.9582900477,127.05669750136082,37.57101887058227,0.5402,0.7732,0.5405,0.8866,0.2711
1123010400,동대문구,1123000000,전농동,2054240.2548000207,127.05570452918128,37.57974759162015,0.57,0.7354,0.4895,0.7749,0.3753
1123010800,동대문구,1123000000,회기동,766963.0954119497,127.05145349795131,37.59374395032969,0.6064,0.7222,0.3731,0.8885,0.6974
1126010300,중랑구,1126000000,중화동,1660212.4473628993,127.0781468941034,37.6005020294375,0.5016,0.7794,0.527,0.874,0.2388
1126010200,중랑구,1126000000,상봉동,1530543.8318746297,127.08711987911448,37.5984769116388,0.5862,0.7922,0.4848,0.8713,0.3486
1126010400,중랑구,1126000000,묵동,1897666.250947135,127.0797687730734,37.61272392663862,0.4939,0.7665,0.5457,0.8624,0.2634
1126010100,중랑구,1126000000,면목동,6015541.907523559,127.08922131964704,37.58237802965973,0.4877,0.7816,0.4851,0.8712,0.2167
1126010500,중랑구,1126000000,망우동,3896640.310222108,127.10633254593174,37.59957907301221,0.4557,0.6655,0.4494,0.7089,0.2349
1126010600,중랑구,1126000000,신내동,3530809.1682486185,127.10080832339058,37.61260175053361,0.4235,0.5598,0.4826,0.7892,0.2355
1129013900,성북구,1129000000,석관동,1742977.6498665237,127.0615402541069,37.60827743005418,0.4544,0.7555,0.4531,0.87,0.2525
1129010200,성북구,1129000000,성북동1가,80567.57263303155,127.00370234266096,37.589541000873766,0.6127,0.7296,0.7393,0.9171,0.4273
1129010900,성북구,1129000000,동소문동6가,99916.90910159504,127.01425533583102,37.59353154813091,0.6427,0.7753,0.4762,0.8874,0.6925
1129010600,성북구,1129000000,동소문동3가,28471.81181050529,127.0112532068878,37.59038716133248,0.5774,0.7191,0.7274,0.8829,0.612
1129010800,성북구,1129000000,동소문동5가,42975.74763552615,127.01538636819616,37.59163935326914,0.7214,0.3616,0.6442,0.883,0.5902
1129010700,성북구,1129000000,동소문동4가,93580.95434456726,127.01065577022766,37.59175707278362,0.6252,0.6904,0.5694,0.9171,0.4193
1129013000,성북구,1129000000,보문동1가,68892.15759858715,127.0196673735869,37.58649811390043,0.6067,0.7577,0.6889,0.9314,0.4489
1129011500,성북구,1129000000,삼선동5가,119776.26488293688,127.01587761329368,37.58854082280397,0.618,0.7501,0.6223,0.883,0.5361
1129013400,성북구,1129000000,길음동,1236575.4587688046,127.0220450909098,37.608596279180695,0.6019,0.7035,0.581,0.7839,0.377
1129011400,성북구,1129000000,삼선동4가,87579.03901806373,127.01316743689412,37.59002476354716,0.6132,0.6591,0.5827,0.883,0.5526
1129012500,성북구,1129000000,안암동5가,948660.9614075554,127.02838790084972,37.58845678860275,0.6034,0.6071,0.4864,0.8064,0.7414
1129010500,성북구,1129000000,동소문동2가,39280.69857618087,127.0082643977572,37.58872064039057,0.7109,0.8913,0.803,0.883,0.595
1129011200,성북구,1129000000,삼선동2가,229296.6360020028,127.01137927101604,37.58387721385749,0.5583,0.7309,0.6679,0.883,0.5018
1129010100,성북구,1129000000,성북동,2642645.137211678,126.9929023175202,37.597238024903646,0.3473,0.5929,0.4016,0.9171,0.2429
1129012200,성북구,1129000000,안암동2가,106139.441060227,127.02318641214308,37.58690014906128,0.5319,0.8161,0.7147,0.8064,0.8571
1129013500,성북구,1129000000,종암동,1461273.4210757895,127.03389725920157,37.59717560177164,0.5119,0.7373,0.6223,0.7921,0.3726
1129012100,성북구,1129000000,안암동1가,102670.84403713596,127.02210667098554,37.58870600278953,0.5915,0.7285,0.551,0.8064,0.8589
1129013100,성북구,1129000000,보문동2가,64238.83059426776,127.0182312210636,37.58575727117901,0.6162,0.7818,0.5636,0.9314,0.4526
1129012800,성북구,1129000000,보문동6가,142649.68830393566,127.01884964490915,37.58040618783525,0.535,0.8281,0.0,0.9314,0.4104
1129013600,성북구,1129000000,하월곡동,1793240.5639859275,127.03935668404095,37.60466058116332,0.5386,0.7062,0.5251,0.8477,0.3701
1129011700,성북구,1129000000,동선동2가,99151.50402333324,127.02002138322132,37.59017902466538,0.679,0.7251,0.6972,0.8874,0.6929
1129011100,성북구,1129000000,삼선동1가,208558.21778814532,127.00789325436418,37.58491291045572,0.4954,0.8844,0.5117,0.883,0.5068
1129013800,성북구,1129000000,장위동,2036324.1009589275,127.04988995214752,37.61518675161546,0.4642,0.8503,0.6509,0.892,0.2494
1129013300,성북구,1129000000,정릉동,8401669.082731904,126.9976241327826,37.61560422309768,0.3657,0.6038,0.4231,0.8998,0.33
1129013700,성북구,1129000000,상월곡동,529584.0691161673,127.04780908079816,37.60609937903259,0.4632,0.7442,0.4835,0.9093,0.3948
1129011900,성북구,1129000000,동선동4가,86713.87390182866,127.01862386444192,37.59519639330557,0.6773,0.8284,0.3698,0.8874,0.7
1129012400,성북구,1129000000,안암동4가,58453.15098557014,127.02466712385082,37.58068634050246,0.5491,0.7615,0.4456,0.8064,0.8886
1129012300,성북구,1129000000,안암동3가,108308.41274210476,127.02333645779,37.58354630461215,0.5292,0.7885,0.0,0.8064,0.8561
1129011600,성북구,1129000000,동선동1가,82175.89976478337,127.0182355376188,37.592313948672576,0.8116,0.8315,0.6532,0.8874,0.7028
1129010400,성북구,1129000000,동소문동1가,64284.45987151584,127.0072730301182,37.59003594596159,0.5819,0.8125,0.4271,0.9171,0.4392
1129011300,성북구,1129000000,삼선동3가,170840.50650143914,127.01307645918884,37.58654280116527,0.4497,0.7415,0.5877,0.883,0.5173
1129013200,성북구,1129000000,보문동3가,111405.99180006194,127.01636899333144,37.58395775009746,0.432,0.7042,0.0,0.9314,0.4235
1129012600,성북구,1129000000,보문동4가,43105.63437606932,127.02136817754112,37.58291394212024,0.6851,0.7861,0.5052,0.9314,0.4737
1129012700,성북구,1129000000,보문동5가,56703.922442938994,127.020082143009,37.582400659041184,0.599,0.737,0.4515,0.9314,0.4592
1129011000,성북구,1129000000,동소문동7가,70357.91170516389,127.01419775418114,37.59632604824382,0.5878,0.7763,0.6266,0.8874,0.711
1129010300,성북구,1129000000,돈암동,1130469.7523451569,127.01828410218218,37.5977965098152,0.4122,0.6592,0.6299,0.8656,0.454
1129012000,성북구,1129000000,동선동5가,67407.54830236603,127.01665976826156,37.5962965297049,0.6489,0.8799,0.418,0.8874,0.7133
1129012900,성북구,1129000000,보문동7가,66582.62431653414,127.02237723466206,37.57977443093691,0.6113,0.8882,0.5565,0.9314,0.4507
1129011800,성북구,1129000000,동선동3가,98244.88811542408,127.02068328596384,37.59393206240141,0.6368,0.856,0.0,0.8874,0.6934
1130510100,강북구,1130500000,미아동,4393858.093203479,127.02388297951455,37.62109462690128,0.5367,0.6996,0.5873,0.8435,0.2488
1130510400,강북구,1130500000,우이동,8904631.181410346,127.00052424758898,37.663290970043455,0.1616,0.2348,0.0612,0.9183,0.0733
1130510200,강북구,1130500000,번동,2677343.317609167,127.03675461763544,37.62904670570627,0.465,0.62,0.602,0.0,0.0
1130510300,강북구,1130500000,수유동,7668089.391489455,127.00737736960274,37.63832993733504,0.4461,0.7713,0.4624,0.8524,0.1303
1132010500,도봉구,1132000000,쌍문동,2784858.828785717,127.0270973932782,37.65335785616448,0.5057,0.684,0.5754,0.9255,0.2597
1132010700,도봉구,1132000000,창동,4264602.580911979,127.04405986982306,37.64774228570262,0.5053,0.6599,0.5384,0.812,0.2464
1132010600,도봉구,1132000000,방학동,4068481.01796554,127.0310382951632,37.66528658628874,0.4425,0.5773,0.4727,0.8607,0.1474
1132010800,도봉구,1132000000,도봉동,9560783.99392124,127.02921896707429,37.68484570437594,0.2763,0.4286,0.3099,0.9226,0.0277
1135010300,노원구,1135000000,공릉동,8240542.82491811,127.09099037668312,37.63047241140312,0.4321,0.5497,0.3814,0.7339,0.3887
1135010400,노원구,1135000000,하계동,2025272.854078978,127.07250969838093,37.63764457988542,0.4397,0.5577,0.5328,0.8585,0.2826
1135010600,노원구,1135000000,중계동,5246776.610701752,127.079997512951,37.651012880875726,0.4661,0.5601,0.4108,0.8406,0.2907
1135010200,노원구,1135000000,월계동,4287540.69985204,127.05674410983931,37.62823645853357,0.4437,0.6243,0.5178,0.8885,0.2981
1135010500,노원구,1135000000,상계동,15802231.2575457,127.07033259759932,37.672981033633135,0.4256,0.5572,0.3787,0.7912,0.222
1138010600,은평구,1138000000,대조동,851356.8577659474,126.9231526361231,37.61225607753114,0.6027,0.8163,0.5598,0.6807,0.3796
1138011400,은평구,1138000000,진관동,11564780.925895842,126.93782237768306,37.63967792725235,0.2833,0.4408,0.259,0.7175,0.2412
1138010400,은평구,1138000000,갈현동,1945573.0384818232,126.91357840701852,37.62154267385203,0.5377,0.7751,0.5714,0.8981,0.2918
1138010500,은평구,1138000000,구산동,1388982.3750264123,126.90731050426828,37.6110726264911,0.4612,0.7419,0.5216,0.8537,0.2595
1138010300,은평구,1138000000,불광동,4517947.2159429295,126.9355667870757,37.61915986726295,0.3804,0.6688,0.415,0.8492,0.1918
1138011000,은평구,1138000000,증산동,809098.3755335901,126.90596493027292,37.58416851015379,0.4607,0.7655,0.4179,0.953,0.2468
1138010700,은평구,1138000000,응암동,2617126.5231346027,126.92312786596248,37.59383508532101,0.5365,0.7854,0.5697,0.8744,0.2919
1138010200,은평구,1138000000,녹번동,1793503.5110668407,126.9345745682572,37.60530587878385,0.4813,0.7074,0.4346,0.8341,0.2224
1138010800,은평구,1138000000,역촌동,1156423.6645742818,126.91462494082296,37.604577656639165,0.5798,0.8193,0.6253,0.7721,0.2769
1138010100,은평구,1138000000,수색동,1291798.9202115352,126.89454502498384,37.58557435276894,0.3907,0.5882,0.4447,0.9309,0.2519
1138010900,은평구,1138000000,신사동,1852907.2502901105,126.90720308503394,37.59561341371542,0.4633,0.7854,0.5612,0.8791,0.256
1141011700,서대문구,1141000000,연희동,3010866.7478904687,126.93284456766534,37.57199519357014,0.5042,0.7123,0.4687,0.8089,0.4239
1141010400,서대문구,1141000000,미근동,77397.92494284811,126.96730902071188,37.56333971069362,0.6511,0.6968,0.6074,0.6608,0.5031
1141011400,서대문구,1141000000,신촌동,863413.6370498529,126.94139577086912,37.56554489954082,0.5041,0.2737,0.1579,0.5274,0.8213
1141011000,서대문구,1141000000,북아현동,1075739.6734023802,126.95438905664084,37.56241745793746,0.4693,0.7729,0.528,0.655,0.4081
1141011500,서대문구,1141000000,봉원동,431301.6352406296,126.94692540274212,37.57263144049992,0.1011,0.4315,0.2054,0.5274,0.858
1141011200,서대문구,1141000000,대현동,465299.3172636537,126.94631381125777,37.560412691907786,0.7217,0.7108,0.4695,0.5824,0.7024
1141010100,서대문구,1141000000,충정로2가,127290.64069580343,126.96417651040991,37.56485461928079,0.6385,0.7658,0.8036,0.6608,0.4769
1141010500,서대문구,1141000000,냉천동,115163.14645341276,126.9624166807613,37.566811106130565,0.5368,0.6656,0.6981,0.9453,0.3362
1141010700,서대문구,1141000000,옥천동,54364.82483464441,126.95912764090204,37.56935100225972,0.3436,0.6636,0.4597,0.9453,0.3758
1141011600,서대문구,1141000000,창천동,606548.4718482684,126.93421073248425,37.55869877262094,0.7284,0.8451,0.5941,0.5274,0.8399
1141010900,서대문구,1141000000,현저동,523881.735526184,126.9540462494624,37.57377127503064,0.3195,0.6029,0.5332,0.9453,0.2561
1141010600,서대문구,1141000000,천연동,153314.55258147992,126.95943581521102,37.5679065741747,0.4642,0.8031,0.6403,0.9453,0.3211
1141011100,서대문구,1141000000,홍제동,3142874.8307588617,126.94895249858124,37.58707475177122,0.438,0.7078,0.516,0.8712,0.199
1141010300,서대문구,1141000000,합동,43437.61133226103,126.96607028737516,37.561586368233534,0.373,0.0,0.0,0.6608,0.5337
1141011300,서대문구,1141000000,대신동,267207.90372658684,126.94430919941544,37.56422003032146,0.4503,0.7156,0.6195,0.5274,0.8832
1141010200,서대문구,1141000000,충정로3가,255118.9053476737,126.96196347300484,37.56211740815224,0.6053,0.7802,0.7393,0.6608,0.4401
1141011800,서대문구,1141000000,홍은동,3673174.758754433,126.9385583210056,37.59301127499649,0.4041,0.7041,0.5389,0.8764,0.2216
1141010800,서대문구,1141000000,영천동,135965.61197027986,126.9577082895375,37.57029885269854,0.4804,0.4023,0.6915,0.9453,0.3274
1141012000,서대문구,1141000000,남가좌동,1260819.1733227111,126.91942811339486,37.5756225351389,0.5765,0.7852,0.5723,0.8701,0.4423
1141011900,서대문구,1141000000,북가좌동,1401408.6348301796,126.9111760558807,37.578806580286376,0.5175,0.8254,0.5827,0.8248,0.2964
1144010300,마포구,1144000000,신공덕동,241268.7419699111,126.95590591102216,37.54407976430552,0.5805,0.5759,0.5997,0.8155,0.4304
1144010800,마포구,1144000000,대흥동,606223.9928099837,126.94314046585986,37.549763153992366,0.5595,0.7298,0.6117,0.8768,0.5329
1144012400,마포구,1144000000,연남동,644021.1603474071,126.92153198524367,37.56301761615823,0.7075,0.7522,0.5821,0.9233,0.5226
1144011200,마포구,1144000000,현석동,189216.40202614863,126.93437590028306,37.54222305183385,0.3618,0.6947,0.2278,0.9382,0.4476
1144010600,마포구,1144000000,토정동,114148.54266658348,126.93980091798352,37.53891194653698,0.3373,0.6998,0.4502,0.8941,0.4437
1144012600,마포구,1144000000,중동,334021.7581140263,126.90623158269872,37.571604073467896,0.4527,0.7232,0.5115,0.8158,0.4435
1144011700,마포구,1144000000,신정동,114615.93778926531,126.9304630300848,37.54301753178943,0.0,0.382,0.4494,0.8499,0.6351
1144010200,마포구,1144000000,공덕동,766118.7374206587,126.95499497878002,37.54810992863724,0.6066,0.7237,0.5648,0.7992,0.4519
1144011800,마포구,1144000000,당인동,321839.8699950816,126.92206874554547,37.542608046332,0.2931,0.6481,0.1403,0.8729,0.6195
1144011500,마포구,1144000000,상수동,568957.0991241357,126.92448721839014,37.54667046556,0.5925,0.6188,0.5878,0.8729,0.5894
1144011300,마포구,1144000000,구수동,50343.53048466607,126.93251468864598,37.545650890975125,0.5942,0.8467,0.7979,0.9382,0.5176
1144012100,마포구,1144000000,동교동,411273.04947583424,126.92515421126622,37.557586477065456,0.713,0.6637,0.6318,0.4123,0.7602
1144012700,마포구,1144000000,상암동,8394089.137332328,126.8798742196164,37.57074895189362,0.3666,0.3116,0.3834,0.6889,0.3004
1144012500,마포구,1144000000,성산동,2554544.140357361,126.90468953726416,37.56561846069112,0.4829,0.6243,0.5204,0.8007,0.366
1144012200,마포구,1144000000,합정동,1726771.0070760793,126.908982601538,37.54697075528728,0.5041,0.6114,0.473,0.8975,0.443
1144011400,마포구,1144000000,창전동,476361.1018540939,126.93008559601344,37.55025574439722,0.5076,0.6505,0.7586,0.8729,0.5988
1144010100,마포구,1144000000,아현동,787660.8604468191,126.9561851402822,37.55448045236066,0.5191,0.7592,0.542,0.81,0.4316
1144010900,마포구,1144000000,염리동,537488.0142372228,126.94724183754415,37.54911080222887,0.5549,0.7885,0.5547,0.8621,0.4674
1144011100,마포구,1144000000,신수동,596400.4545194288,126.93681288397154,37.548571349268485,0.5799,0.6998,0.5975,0.8833,0.5831
1144012000,마포구,1144000000,서교동,1183418.3889632833,126.91870092521695,37.55378248406507,0.7082,0.7293,0.6546,0.4123,0.7044
1144010400,마포구,1144000000,도화동,580614.6625176107,126.95002642982864,37.53975153944696,0.6254,0.7627,0.7184,0.7983,0.4135
1144011000,마포구,1144000000,노고산동,308363.46366491844,126.93777688644676,37.55438722164024,0.6516,0.7845,0.6531,0.4683,0.7849
1144010700,마포구,1144000000,마포동,225698.55557110996,126.94384164658167,37.53713022585613,0.368,0.6693,0.3969,0.8816,0.4207
1144012300,마포구,1144000000,망원동,1741256.2140251708,126.89986049643755,37.55548876839201,0.5814,0.6553,0.5701,0.9026,0.3446
1144010500,마포구,1144000000,용강동,301415.67245024844,126.9404557199704,37.54151067580233,0.5077,0.7416,0.5553,0.8941,0.3924
1144011600,마포구,1144000000,하중동,94030.35088528888,126.9279674259768,37.543708363885294,0.2734,0.0,0.5685,0.8729,0.6845
1147010100,양천구,1147000000,신정동,7185908.989762933,126.85570841092544,37.515179357588494,0.4748,0.7272,0.5091,0.78,0.3084
1147010300,양천구,1147000000,신월동,4938880.006925234,126.83422644655302,37.52642899410986,0.459,0.7973,0.4421,0.9305,0.2266
1147010200,양천구,1147000000,목동,5341682.726069763,126.87453325273016,37.53603710940893,0.5396,0.7637,0.4447,0.765,0.3608
1150010200,강서구,1150000000,등촌동,2675556.274845914,126.85411585023832,37.55478762514395,0.568,0.6395,0.5427,0.732,0.4136
1150010400,강서구,1150000000,가양동,2401190.5890793744,126.8512097259242,37.56792199806672,0.4023,0.4783,0.4589,0.7454,0.4017
1150010800,강서구,1150000000,공항동,2909030.158378138,126.8089345306002,37.55392386367841,0.3862,0.4911,0.4127,0.8284,0.3581
1150010900,강서구,1150000000,방화동,3881828.223796332,126.8114522075,37.57490270342574,0.4729,0.601,0.453,0.7921,0.327
1150011100,강서구,1150000000,과해동,2784100.1730194697,126.78780275726052,37.565624875329256,0.0942,0.0,0.0,0.8269,0.3498
1150011300,강서구,1150000000,오쇠동,986901.1440395872,126.79793315821624,37.54347716566832,0.0325,0.0,0.0774,0.8269,0.4046
1150011200,강서구,1150000000,오곡동,3738438.9202096313,126.78477415389833,37.55295573845468,0.0,0.0,0.0,0.8269,0.3343
1150011000,강서구,1150000000,개화동,4795834.461001014,126.80359237712716,37.58711401820432,0.06,0.3575,0.1075,0.8658,0.1902
1150010700,강서구,1150000000,외발산동,1326931.4309271376,126.81963375907368,37.547087720844,0.1711,0.0,0.4481,0.8339,0.3831
1150010600,강서구,1150000000,내발산동,1636998.5875393494,126.8333047108758,37.55249139619899,0.5139,0.622,0.5432,0.8384,0.3947
1150010100,강서구,1150000000,염창동,1728676.1693093043,126.8717803194684,37.5545495548689,0.4773,0.5677,0.4894,0.8402,0.3913
1150010300,강서구,1150000000,화곡동,6344726.410693576,126.84727033203792,37.54069919524978,0.5363,0.7705,0.559,0.7483,0.3639
1150010500,강서구,1150000000,마곡동,6241724.238732657,126.82855523951925,37.57027048906611,0.5103,0.5437,0.4103,0.744,0.3778
1153011100,구로구,1153000000,천왕동,1518893.3460519656,126.8398190014128,37.48083565357417,0.3067,0.5544,0.467,0.7127,0.3671
1153010700,구로구,1153000000,개봉동,2940415.112132794,126.8519298758832,37.494241403323485,0.503,0.7868,0.5667,0.85,0.2418
1153010600,구로구,1153000000,고척동,2188826.4334643376,126.85885087476328,37.50318878252778,0.4954,0.791,0.5602,0.8711,0.2923
1153011000,구로구,1153000000,온수동,844126.051045145,126.82061801916667,37.49414431683598,0.3768,0.7127,0.4774,0.9026,0.299
1153010800,구로구,1153000000,오류동,2265055.563344669,126.8385482333104,37.49199230828035,0.4485,0.7301,0.4747,0.6507,0.3627
1153010200,구로구,1153000000,구로동,5308140.668290317,126.88468770930842,37.49425482230664,0.5577,0.8018,0.5571,0.7614,0.3016
1153010900,구로구,1153000000,궁동,1818962.6438358943,126.82852908499748,37.50043949345834,0.3158,0.5829,0.4033,0.9026,0.2585
1153011200,구로구,1153000000,항동,1446921.1695206282,126.82460227954935,37.48103218167006,0.4037,0.3732,0.4896,0.0,0.0
1153010100,구로구,1153000000,신도림동,1391783.1300876222,126.88225141356804,37.509956600476265,0.56,0.6995,0.5621,0.8369,0.3945
1153010300,구로구,1153000000,가리봉동,407989.47856751696,126.88803791251044,37.48269971033052,0.4669,0.9924,0.4953,0.9721,0.3042
1154510200,금천구,1154500000,독산동,4208873.344259811,126.89829334949374,37.46747372276541,0.5305,0.8119,0.5341,0.7697,0.2939
1154510100,금천구,1154500000,가산동,2507581.379734877,126.88377703632628,37.47668651487027,0.6376,0.6475,0.6229,0.4139,0.4351
1154510300,금천구,1154500000,시흥동,6297670.283604088,126.90928820667352,37.44952609393986,0.4567,0.731,0.4982,0.8798,0.2085
1156012200,영등포구,1156000000,문래동4가,176563.8857183109,126.88986684781143,37.51445655663426,0.5061,0.6009,0.5006,0.7736,0.4522
1156010200,영등포구,1156000000,영등포동1가,78972.6620356583,126.91286645432932,37.51762642472448,0.6273,0.5371,0.5226,0.6816,0.6237
1156010400,영등포구,1156000000,영등포동3가,118113.8290411822,126.9078986196738,37.51826291071682,0.7225,0.8077,0.693,0.6816,0.6024
1156012400,영등포구,1156000000,문래동6가,320344.9634234646,126.8846802483194,37.51989207949484,0.5253,0.6442,0.5198,0.7736,0.4208
1156010700,영등포구,1156000000,영등포동6가,94457.59753399956,126.90321399733388,37.521594473468646,0.6504,0.7614,0.6252,0.6816,0.6142
1156010300,영등포구,1156000000,영등포동2가,312574.9979517752,126.9121943963349,37.52060986434925,0.5857,0.5638,0.468,0.6816,0.551
1156010800,영등포구,1156000000,영등포동7가,288401.8839275207,126.90711938161591,37.52429192368433,0.6182,0.7238,0.6217,0.6816,0.5552
1156011000,영등포구,1156000000,여의도동,8438335.354940053,126.92847206378023,37.52850376086542,0.5182,0.202,0.2948,0.0,0.3105
1156013100,영등포구,1156000000,양화동,1696312.0048388543,126.8890759281948,37.547998652428106,0.0,0.0,0.2083,0.8625,0.3896
1156011700,영등포구,1156000000,당산동,808335.9208761977,126.90400984260695,37.53643637164059,0.3532,0.1083,0.4972,0.801,0.4984
1156013400,영등포구,1156000000,양평동,568043.6519186811,126.8869214928942,37.53287131343789,0.0,0.5272,0.0,0.8625,0.4474
1156012300,영등포구,1156000000,문래동5가,297961.944947386,126.88396379083257,37.516636253875056,0.3933,0.6367,0.4774,0.7736,0.4246
1156011400,영등포구,1156000000,당산동4가,300508.68200759206,126.89913575410138,37.52903855784511,0.583,0.5784,0.4757,0.801,0.5507
1156012100,영등포구,1156000000,문래동3가,672332.796126005,126.89571501945842,37.51727018347187,0.6159,0.6839,0.5642,0.7736,0.3816
1156012500,영등포구,1156000000,양평동1가,232337.52266306823,126.88869838460464,37.52319018731146,0.5907,0.6865,0.6285,0.9132,0.4724
1156012900,영등포구,1156000000,양평동5가,222844.457227299,126.89264477902368,37.53936665587855,0.6153,0.6655,0.5347,0.8625,0.4968
1156012600,영등포구,1156000000,양평동2가,191079.6641576456,126.88375751675594,37.52342704162373,0.5831,0.7049,0.5961,0.9132,0.4827
1156013000,영등포구,1156000000,양평동6가,125041.17166726834,126.88957253323392,37.542637627080055,0.4917,0.539,0.569,0.8625,0.5273
1156012000,영등포구,1156000000,문래동2가,143418.23966063303,126.89311148478032,37.51279561725411,0.5461,0.6866,0.5862,0.7736,0.4632
1156011900,영등포구,1156000000,문래동1가,164063.91096292058,126.89720559594832,37.51238607438801,0.4551,0.7322,0.4585,0.7736,0.4561
1156012700,영등포구,1156000000,양평동3가,475774.136375716,126.8910474298503,37.52903605596224,0.5627,0.5638,0.5376,0.8718,0.4833
1156010100,영등포구,1156000000,영등포동,589224.9657778393,126.90683317928357,37.51390875942289,0.6249,0.7284,0.51,0.6918,0.5031
1156011300,영등포구,1156000000,당산동3가,364337.3779830218,126.89711323319642,37.52586212486135,0.6264,0.682,0.5176,0.8734,0.4343
1156013300,영등포구,1156000000,대림동,1998175.323153624,126.90012979690434,37.49542821608377,0.5201,0.8105,0.5784,0.8889,0.1975
1156012800,영등포구,1156000000,양평동4가,374846.6672061586,126.89615134925828,37.53631782402529,0.589,0.6255,0.4888,0.8625,0.4693
1156013200,영등포구,1156000000,신길동,3612476.6652121576,126.91361484593116,37.506061162364986,0.512,0.7759,0.613,0.8904,0.3191
1156011100,영등포구,1156000000,당산동1가,217930.83864395117,126.898512497426,37.52168455607593,0.6661,0.7315,0.503,0.8734,0.4614
1156011800,영등포구,1156000000,도림동,587545.5704389618,126.90047217562,37.50910207414695,0.5112,0.7699,0.6094,0.9212,0.2859
1156011200,영등포구,1156000000,당산동2가,162849.83310617524,126.89370546571018,37.52248372157011,0.5591,0.7088,0.6789,0.8734,0.4768
1156011500,영등포구,1156000000,당산동5가,289600.2761349213,126.90119982774672,37.53208720060292,0.5705,0.7487,0.6911,0.801,0.5526
1156011600,영등포구,1156000000,당산동6가,166855.81653314276,126.9028857894396,37.53465926069859,0.6456,0.0,0.5924,0.801,0.5818
1156010600,영등포구,1156000000,영등포동5가,94969.22676590506,126.9066803358528,37.52107505264404,0.5289,0.7117,0.5665,0.6816,0.6139
1156010500,영등포구,1156000000,영등포동4가,194527.67914208048,126.90357747453773,37.5178906792656,0.8301,0.7334,0.6193,0.6816,0.576
1156010900,영등포구,1156000000,영등포동8가,158237.5179373419,126.90529409019337,37.52829992019615,0.662,0.7205,0.6847,0.6816,0.5869
1159010800,동작구,1159000000,대방동,1533561.851942115,126.9279905557539,37.50687419275931,0.4787,0.6893,0.5882,0.7847,0.4008
1159010900,동작구,1159000000,신대방동,1659771.6854133997,126.91718653710208,37.492675859079206,0.5662,0.7488,0.5224,0.8883,0.3296
1159010500,동작구,1159000000,흑석동,1675755.0893430177,126.96234892295423,37.50550338784172,0.489,0.6579,0.5428,0.816,0.5108
1159010700,동작구,1159000000,사당동,3290562.623142278,126.97231491980328,37.48562407323345,0.5346,0.761,0.5265,0.8345,0.3508
1159010600,동작구,1159000000,동작동,2131769.339987519,126.97387271772908,37.49921652085839,0.1022,0.3329,0.2901,0.8442,0.2939
1159010200,동작구,1159000000,상도동,3558375.7010701858,126.94406594014302,37.49873664083114,0.5202,0.7492,0.6001,0.7415,0.4235
1159010400,동작구,1159000000,본동,757110.3982620673,126.95365756479455,37.51244868343774,0.3243,0.6144,0.5832,0.8374,0.5766
1159010100,동작구,1159000000,노량진동,1466337.8661334773,126.94189575920952,37.51161118747217,0.5752,0.7222,0.5271,0.7894,0.5122
1159010300,동작구,1159000000,상도1동,315088.17736157123,126.95064190993637,37.50327371989668,0.6248,0.8235,0.674,0.7438,0.5997
1162010100,관악구,1162000000,봉천동,8153210.464724782,126.9534848749602,37.47797011172628,0.5327,0.7847,0.5278,0.81,0.4757
1162010200,관악구,1162000000,신림동,18133324.38720854,126.93581197327092,37.4631974854471,0.4398,0.7128,0.4215,0.8325,0.4153
1162010300,관악구,1162000000,남현동,3276651.84547419,126.97776058230032,37.46410195703465,0.322,0.5435,0.1214,0.8963,0.3437
1165010900,서초구,1165000000,내곡동,8275608.863898122,127.07677826766934,37.458117247085816,0.0842,0.2519,0.1479,0.8766,0.2528
1165010400,서초구,1165000000,원지동,5124062.850022307,127.04862987554183,37.44332011624713,0.1373,0.2214,0.0268,0.7354,0.238
1165010200,서초구,1165000000,양재동,4071196.3496464207,127.0374621389249,37.47198270443036,0.5346,0.7194,0.4798,0.6572,0.3242
1165011100,서초구,1165000000,신원동,2751468.9044679445,127.06214566541766,37.44417268191133,0.3032,0.4756,0.3395,0.8766,0.3109
1165010100,서초구,1165000000,방배동,6685180.8282547705,126.99311848893194,37.4794915653936,0.4972,0.7565,0.5114,0.6762,0.3352
1165010300,서초구,1165000000,우면동,4138110.192294656,127.01794406817116,37.46593428426778,0.3107,0.5309,0.3319,0.6502,0.3145
1165011000,서초구,1165000000,염곡동,1645961.651620911,127.05365133097376,37.46369554257005,0.1928,0.3411,0.2848,0.8766,0.3381
1165010800,서초구,1165000000,서초동,6399490.73237439,127.0167948220163,37.48838938652859,0.5813,0.7385,0.5593,0.5993,0.3894
1165010700,서초구,1165000000,반포동,4789329.163068052,127.00074603048556,37.50397536739648,0.5572,0.6974,0.436,0.7194,0.3626
1165010600,서초구,1165000000,잠원동,3007778.292754354,127.00909327522196,37.51510002941103,0.4976,0.6334,0.397,0.8546,0.3181
1168010600,강남구,1168000000,대치동,3792437.051832669,127.06334504252312,37.499189248174886,0.6151,0.7592,0.4604,0.6782,0.4716
1168010300,강남구,1168000000,개포동,5430800.765679168,127.06262704624818,37.480290955748494,0.4048,0.6725,0.4067,0.8059,0.2926
1168011100,강남구,1168000000,세곡동,2422147.645202247,127.10459738017174,37.46436245885617,0.339,0.5752,0.4129,0.7266,0.3859
1168011300,강남구,1168000000,율현동,1267236.875399661,127.11207104063124,37.47081201487131,0.3029,0.5515,0.3167,0.7266,0.4201
1168011400,강남구,1168000000,일원동,3095973.227196896,127.082867060563,37.48805847367385,0.4053,0.6564,0.4097,0.8053,0.2919
1168011200,강남구,1168000000,자곡동,2678389.9838921907,127.100368942906,37.47627751966972,0.31,0.5106,0.2891,0.7266,0.3806
1168011500,강남구,1168000000,수서동,2625210.283704997,127.09671760028048,37.4858754852671,0.4134,0.5918,0.3617,0.8639,0.2346
1168011800,강남구,1168000000,도곡동,2041355.158975801,127.04527580020492,37.488590683905535,0.5929,0.7505,0.4862,0.7569,0.3578
1168010700,강남구,1168000000,신사동,1718427.8432264104,127.02649462901871,37.52380884496628,0.6778,0.8329,0.4142,0.7205,0.4012
1168011000,강남구,1168000000,압구정동,2686044.864505654,127.02847628329924,37.53073941418818,0.472,0.5014,0.2254,0.7205,0.3776
1168010500,강남구,1168000000,삼성동,3190517.346903122,127.05612750767084,37.51397619522755,0.6355,0.7692,0.4362,0.6436,0.3777
1168010800,강남구,1168000000,논현동,2717265.4813285656,127.03171223784292,37.51367912522054,0.6548,0.8519,0.4477,0.6705,0.4406
1168010100,강남구,1168000000,역삼동,3497174.771144243,127.03854881517545,37.500078406703615,0.6973,0.8136,0.4898,0.2358,0.5123
1168010400,강남구,1168000000,청담동,2333502.9649676657,127.05047760946633,37.52439932418597,0.5365,0.753,0.3633,0.7314,0.3225
1171011300,송파구,1171000000,거여동,2389657.925095936,127.14498574789148,37.48972654838171,0.4591,0.6422,0.4643,0.7102,0.3873
1171010900,송파구,1171000000,장지동,2716558.392858356,127.13206427465724,37.47686933029585,0.3952,0.5548,0.4988,0.7259,0.4149
1171010800,송파구,1171000000,문정동,2608057.420710288,127.12256330821188,37.48558503579397,0.575,0.6088,0.5163,0.7759,0.354
1171011100,송파구,1171000000,방이동,4465321.831759843,127.12539131216384,37.51567501790246,0.4878,0.5423,0.368,0.8039,0.3765
1171011200,송파구,1171000000,오금동,1648776.375006302,127.13402008014675,37.504005119485896,0.5129,0.6599,0.5141,0.8207,0.2725
1171010700,송파구,1171000000,가락동,3429705.622882095,127.11840449229494,37.49568693812324,0.5521,0.5958,0.4715,0.7938,0.2919
1171010100,송파구,1171000000,잠실동,5210962.916275381,127.08339239511088,37.51196373287971,0.5703,0.5062,0.339,0.7128,0.3908
1171011400,송파구,1171000000,마천동,1467899.1021176872,127.1527434523841,37.49849421971768,0.4793,0.7365,0.4737,0.9409,0.1439
1171010300,송파구,1171000000,풍납동,2353585.95655712,127.11399186066916,37.5332137098853,0.4532,0.6653,0.4128,0.8211,0.2355
1171010400,송파구,1171000000,송파동,1317948.36279951,127.11354688803846,37.50510758029396,0.6127,0.7042,0.4734,0.8623,0.4075
1171010200,송파구,1171000000,신천동,4348007.098159457,127.09897171568234,37.52392317667971,0.4799,0.368,0.2749,0.7304,0.3383
1171010600,송파구,1171000000,삼전동,953442.154832866,127.09188836765408,37.50190201898812,0.5847,0.738,0.416,0.8539,0.4098
1171010500,송파구,1171000000,석촌동,946914.3443481156,127.10251283372897,37.50272624919384,0.6135,0.7549,0.4868,0.8724,0.3892
1174010200,강동구,1174000000,고덕동,4011089.948282872,127.1582307363493,37.56382229676406,0.4099,0.5743,0.432,0.8806,0.3469
1174010600,강동구,1174000000,둔촌동,2462934.9543647696,127.14471491313088,37.52825408657839,0.4313,0.6047,0.4495,0.8593,0.2784
1174010900,강동구,1174000000,천호동,3061623.818718531,127.12762004998145,37.54437690516253,0.5793,0.789,0.4515,0.7642,0.2897
1174010300,강동구,1174000000,상일동,2920730.705876587,127.16963996291751,37.55110316210898,0.4243,0.5502,0.478,0.0,0.0
1174010800,강동구,1174000000,성내동,1957705.04337562,127.12899181732688,37.53049369178981,0.6079,0.7994,0.567,0.8693,0.3111
1174010500,강동구,1174000000,길동,1612791.420063285,127.14592860012736,37.539616160065215,0.5378,0.741,0.5083,0.69,0.2576
1174011000,강동구,1174000000,강일동,2267708.8061173144,127.17338400006793,37.56891590041028,0.3535,0.4623,0.4991,0.7291,0.3206
1174010100,강동구,1174000000,명일동,1572131.8379957117,127.15080992628818,37.5490536469177,0.5718,0.6693,0.5133,0.8591,0.291
1174010700,강동구,1174000000,암사동,4692446.044217444,127.13106705274686,37.55780594694546,0.4092,0.6265,0.3039,0.8368,0.245
